Workbook

Sheet INPUT SPAN RESULTS
N2: AVONMOUTH REBAR FACILITY | AB2: Sheet No. | AF2: A4100/ 078 /04
AB3: Rev No. | AF3: 00
B4: Laing O'Rourke, Bridge Place | N4: A4100 | AB4: Design by | AF4: EM
B5: Anchor Boulevard, Admirals Park | AB5: Date | AF5: 45862
B6: Crossways, Dartford, Kent DA2 6SN | N6: EDB 078 | AB6: Checked by | AF6: RH
B7: Tel: 01322 296 200 Fax: 01322 296 262 | AB7: Date | AF7: 45869
A9: Checker's comments | F9: TITLE | I9: LIFTING AND HANDLING OF HPX ROOF CAGES
G12: fy= | I12: 500 | J12: (MPa) | N12: E= | P12: =205 -> 205 | Q12: (kNmm2).
G13: Dia | I13: Area | K13: I | N13: EI | P13: ry=√ {I/A} | S13: Wel | V13: Wpl | Y13: fy Wel | AA13: plastic/1.5 | AB13: fy Wpl | AE13: bar size | AH13: (kg/m) | AJ13: SW UDL
G14: (mm) | I14: (mm2) | K14: (mm4) | N14: (kNm2) | P14: (mm) | S14: (mm3) | V14: (mm3) | Y14: (kNm) | AA14: (kNm) | AB14: (kNm) | AE14: 12 | AH14: 0.888 | AJ14: =AH14*9.81*1.35/1000 -> 0.011760228
G15: 16 | I15: =PI()*G15^2/4 -> 201.06193 | K15: =PI()*G15^4/64 -> 3216.9909 | N15: =K15*$P$12/1000000 -> 0.65948313 | P15: =(K15/I15)^0.5 -> 4 | S15: =PI()*G15^3/32 -> 402.12386 | V15: =G15^3/6 -> 682.66667 | Y15: =($I$12/1.15)*S15/1000000 -> 0.17483646 | AA15: =AB15/1.5 -> 0.1978744 | AB15: =Y15*V15/S15 -> 0.29681159 | AE15: 16 | AH15: 1.579 | AJ15: =AH15*9.81*1.35/1000 -> 0.020911487
G16: 20 | I16: =PI()*G16^2/4 -> 314.15927 | K16: =PI()*G16^4/64 -> 7853.9816 | N16: =K16*$P$12/1000000 -> 1.6100662 | P16: =(K16/I16)^0.5 -> 5 | S16: =PI()*G16^3/32 -> 785.39816 | V16: =G16^3/6 -> 1333.3333 | Y16: =($I$12/1.15)*S16/1000000 -> 0.34147746 | AA16: =AB16/1.5 -> 0.38647343 | AB16: =Y16*V16/S16 -> 0.57971014 | AE16: 20 | AH16: 2.466 | AJ16: =AH16*9.81*1.35/1000 -> 0.032658471
G17: 25 | I17: =PI()*G17^2/4 -> 490.87385 | K17: =PI()*G17^4/64 -> 19174.76 | N17: =K17*$P$12/1000000 -> 3.9308258 | P17: =(K17/I17)^0.5 -> 6.25 | S17: =PI()*G17^3/32 -> 1533.9808 | V17: =G17^3/6 -> 2604.1667 | Y17: =($I$12/1.15)*S17/1000000 -> 0.66694817 | AA17: =AB17/1.5 -> 0.75483092 | AB17: =Y17*V17/S17 -> 1.1322464 | AE17: 25 | AH17: 3.854 | AJ17: =AH17*9.81*1.35/1000 -> 0.051040449
G18: 32 | I18: =PI()*G18^2/4 -> 804.24772 | K18: =PI()*G18^4/64 -> 51471.854 | N18: =K18*$P$12/1000000 -> 10.55173 | P18: =(K18/I18)^0.5 -> 8 | S18: =PI()*G18^3/32 -> 3216.9909 | V18: =G18^3/6 -> 5461.3333 | Y18: =($I$12/1.15)*S18/1000000 -> 1.3986917 | AA18: =AB18/1.5 -> 1.5829952 | AB18: =Y18*V18/S18 -> 2.3744928 | AE18: 32 | AH18: 6.313 | AJ18: =AH18*9.81*1.35/1000 -> 0.083606216
G19: 40 | I19: =PI()*G19^2/4 -> 1256.6371 | K19: =PI()*G19^4/64 -> 125663.71 | N19: =K19*$P$12/1000000 -> 25.76106 | P19: =(K19/I19)^0.5 -> 10 | S19: =PI()*G19^3/32 -> 6283.1853 | V19: =G19^3/6 -> 10666.667 | Y19: =($I$12/1.15)*S19/1000000 -> 2.7318197 | AA19: =AB19/1.5 -> 3.0917874 | AB19: =Y19*V19/S19 -> 4.6376812 | AE19: 40 | AH19: 9.864 | AJ19: =AH19*9.81*1.35/1000 -> 0.13063388
P22: THESE SPACINGS ARE THE TYPICAL AVERAGE T1 ,T2, B1 & B2
AA23: THIS IS CALCULATED MAX SPAN
M24: THESE ARE DOMINANT BAR SIZES T1 ,T2, B1 & B2 | AE24: THIS IS SPECIFIED SPAN ROUNDED DOWN TO NEAREST 0.1m.
J26: TYPICAL 6 STRUTS IN HEIGHT AT 1/5 TH POINTS | N26: NUMBER OF T2 LACERS | X26: NUMBER OF B2 LACERS
J28: TOTAL WT = CAGE WT + EMBED PLATES
G30: CHECK SPANS FOR ALL THE CAGES.
G32: CAGE NO | H32: LENGTH (m) | I32: HEIGHT H (m) | J32: CAGE WT (T) | K32: EMBED WT (T) | L32: TOTAL WT (T) | M32: LACER SPAN =H/5 (m) | N32: T1 BAR SIZE (mm) | O32: T1 SPACING (mm) | P32: T2 BAR SIZE (mm) | Q32: T2 SPACING (mm) | R32: NO OF T2 LACERS | S32: T1 CAGE MAX SPACING | T32: B1 BAR SIZE (mm) | U32: B1 SPACING (mm) | V32: B2 BAR SIZE (mm) | W32: B2 SPACING (mm) | X32: NO OF B2 LACERS | Y32: B1 MAX MESH SPACING | Z32: AVON MESH WT (T) | AA32: AVON NON MESH WT (T) | AB32: UDL FACTOR | AC32: T2 LACER UDL W INCL UDL F (kN/m/m) | AD32: T1 TIP POINT LOAD P (kN/m) | AE32: T1 CAGE MAX SPAN S (m) | AF32: B2 LIFT LACER UDL W (kN/m/m) | AG32: B1 TIP POINT LOAD P (kN/m) | AH32: SPEC MAX CAGE SPAN S (m)
G33: 1 | H33: 9 | I33: 6.8 | J33: 7.1 | L33: =J33+K33 -> 7.1 | M33: =I33/5 -> 1.36 | AH33: =FLOOR(#REF!,0.2) -> #REF!
G34: 2 | H34: 10 | I34: 6.8 | J34: 6.5 | L34: =J34+K34 -> 6.5 | M34: =I34/5 -> 1.36 | AH34: =FLOOR(#REF!,0.2) -> #REF!
G35: 3 | H35: 10 | I35: 6.8 | J35: 6.6 | L35: =J35+K35 -> 6.6 | M35: =I35/5 -> 1.36 | AH35: =FLOOR(#REF!,0.2) -> #REF!
G36: 84 | H36: 6.4 | I36: 5.5 | J36: 6.65 | K36: 0.3 | L36: =J36+K36 -> 6.95 | M36: =CALCULATION!M35 -> 1.1 | N36: 32 | O36: 200 | P36: 32 | Q36: 200 | R36: 31 | S36: =CALCULATION!S35 -> 1.7843768 | T36: 25 | U36: 200 | V36: 32 | W36: 200 | X36: 31 | Y36: =CALCULATION!Y35 -> 1.0415744 | Z36: 3.7 | AA36: =CALCULATION!AA35 -> 3.25 | AB36: =CALCULATION!AB35 -> 0.87837838 | AC36: =CALCULATION!AC35 -> 0.94226464 | AD36: =CALCULATION!AD35 -> 0.38004674 | AE36: =CALCULATION!AE35 -> 0.81011494 | AF36: =CALCULATION!AF35 -> 0.88109381 | AG36: =CALCULATION!AG35 -> 0.23201333 | AH36: =CALCULATION!AH35 -> 0.8
G38: INPUT ALL GREEN CELLS
G40: 2ND SHEET CALCULATIONS | Y40: C32 LIFTING BAR REQUIRED TO LIFT B1/B2 MESH TO TURNING TABLE, AS B1 MAX MESH SPACING IS < SPECIFIED MAX SPAN S
G42: OUTPUT

Sheet CALCULATION
N2: AVONMOUTH REBAR FACILITY | AB2: Sheet No. | AF2: A4100/ 078 /04
AB3: Rev No. | AF3: 00
B4: Laing O'Rourke, Bridge Place | N4: A4100 | AB4: Design by | AF4: EM
B5: Anchor Boulevard, Admirals Park | AB5: Date | AF5: 45862
B6: Crossways, Dartford, Kent DA2 6SN | N6: EDB 078 | AB6: Checked by
B7: Tel: 01322 296 200 Fax: 01322 296 262 | AB7: Date
A9: Checker's comments | F9: TITLE | I9: LIFTING AND HANDLING OF HPX ROOF CAGES
G12: fy= | I12: 500 | J12: (MPa) | N12: E= | P12: =205 -> 205 | Q12: (kNmm2).
G13: Dia | I13: Area | K13: I | N13: EI | P13: ry=√ {I/A} | S13: Wel | V13: Wpl | Y13: fy Wel | AA13: plastic/1.5 | AB13: fy Wpl | AE13: bar size | AH13: (kg/m) | AJ13: SW UDL | AM13: FACTORY 1.2DYN UDL
G14: (mm) | I14: (mm2) | K14: (mm4) | N14: (kNm2) | P14: (mm) | S14: (mm3) | V14: (mm3) | Y14: (kNm) | AA14: (kNm) | AB14: (kNm) | AE14: 12 | AH14: 0.888 | AJ14: =AH14*9.81*1.35/1000 -> 0.011760228 | AM14: =AJ14*1.2 -> 0.014112274
G15: 16 | I15: =PI()*G15^2/4 -> 201.06193 | K15: =PI()*G15^4/64 -> 3216.9909 | N15: =K15*$P$12/1000000 -> 0.65948313 | P15: =(K15/I15)^0.5 -> 4 | S15: =PI()*G15^3/32 -> 402.12386 | V15: =G15^3/6 -> 682.66667 | Y15: =($I$12/1.15)*S15/1000000 -> 0.17483646 | AA15: =AB15/1.5 -> 0.1978744 | AB15: =Y15*V15/S15 -> 0.29681159 | AE15: 16 | AH15: 1.579 | AJ15: =AH15*9.81*1.35/1000 -> 0.020911487 | AM15: =AJ15*1.2 -> 0.025093784
G16: 20 | I16: =PI()*G16^2/4 -> 314.15927 | K16: =PI()*G16^4/64 -> 7853.9816 | N16: =K16*$P$12/1000000 -> 1.6100662 | P16: =(K16/I16)^0.5 -> 5 | S16: =PI()*G16^3/32 -> 785.39816 | V16: =G16^3/6 -> 1333.3333 | Y16: =($I$12/1.15)*S16/1000000 -> 0.34147746 | AA16: =AB16/1.5 -> 0.38647343 | AB16: =Y16*V16/S16 -> 0.57971014 | AE16: 20 | AH16: 2.466 | AJ16: =AH16*9.81*1.35/1000 -> 0.032658471 | AM16: =AJ16*1.2 -> 0.039190165
G17: 25 | I17: =PI()*G17^2/4 -> 490.87385 | K17: =PI()*G17^4/64 -> 19174.76 | N17: =K17*$P$12/1000000 -> 3.9308258 | P17: =(K17/I17)^0.5 -> 6.25 | S17: =PI()*G17^3/32 -> 1533.9808 | V17: =G17^3/6 -> 2604.1667 | Y17: =($I$12/1.15)*S17/1000000 -> 0.66694817 | AA17: =AB17/1.5 -> 0.75483092 | AB17: =Y17*V17/S17 -> 1.1322464 | AE17: 25 | AH17: 3.854 | AJ17: =AH17*9.81*1.35/1000 -> 0.051040449 | AM17: =AJ17*1.2 -> 0.061248539
G18: 32 | I18: =PI()*G18^2/4 -> 804.24772 | K18: =PI()*G18^4/64 -> 51471.854 | N18: =K18*$P$12/1000000 -> 10.55173 | P18: =(K18/I18)^0.5 -> 8 | S18: =PI()*G18^3/32 -> 3216.9909 | V18: =G18^3/6 -> 5461.3333 | Y18: =($I$12/1.15)*S18/1000000 -> 1.3986917 | AA18: =AB18/1.5 -> 1.5829952 | AB18: =Y18*V18/S18 -> 2.3744928 | AE18: 32 | AH18: 6.313 | AJ18: =AH18*9.81*1.35/1000 -> 0.083606216 | AM18: =AJ18*1.2 -> 0.10032746
G19: 40 | I19: =PI()*G19^2/4 -> 1256.6371 | K19: =PI()*G19^4/64 -> 125663.71 | N19: =K19*$P$12/1000000 -> 25.76106 | P19: =(K19/I19)^0.5 -> 10 | S19: =PI()*G19^3/32 -> 6283.1853 | V19: =G19^3/6 -> 10666.667 | Y19: =($I$12/1.15)*S19/1000000 -> 2.7318197 | AA19: =AB19/1.5 -> 3.0917874 | AB19: =Y19*V19/S19 -> 4.6376812 | AE19: 40 | AH19: 9.864 | AJ19: =AH19*9.81*1.35/1000 -> 0.13063388 | AM19: =AJ19*1.2 -> 0.15676066
P21: THESE SPACINGS ARE THE TYPICAL AVERAGE T1 ,T2, B1 & B2
AA22: THIS IS CALCULATED MAX SPAN
M23: THESE ARE DOMINANT BAR SIZES T1 ,T2, B1 & B2 | AE23: THIS IS SPECIFIED SPAN ROUNDED DOWN TO NEAREST 0.1m.
J25: TYPICAL 6 STRUTS IN HEIGHT AT 1/5 TH POINTS
J27: TOTAL WT = CAGE WT + EMBED PLATES
G29: CHECK SPANS FOR ALL THE CAGES.
G31: CAGE NO | H31: LENGTH (m) | I31: HEIGHT H (m) | J31: CAGE WT (T) | K31: EMBED WT (T) | L31: TOTAL WT (T) | M31: LACER SPAN =H/5 (m) | N31: T1 BAR SIZE (mm) | O31: T1 SPACING (mm) | P31: T2 BAR SIZE (mm) | Q31: T2 SPACING (mm) | R31: NO OF T2 LACERS | S31: T1 MESH SPACING | T31: B1 BAR SIZE (mm) | U31: B1 SPACING (mm) | V31: B2 BAR SIZE (mm) | W31: B2 SPACING (mm) | X31: NO OF B2 LACERS | Y31: B1 MESH SPACING | Z31: AVON MESH WT (T) | AA31: AVON NON MESH WT (T) | AB31: UDL FACTOR | AC31: T2 LACER UDL W INCL UDL F (kN/m/m) | AD31: T1 TIP POINT LOAD P (kN/m) | AE31: T1 MAX SPAN S (m) | AF31: B2 LIFT LACER UDL W (kN/m/m) | AG31: B1 TIP POINT LOAD P (kN/m) | AH31: SPEC MAX SPAN S (m) | AI31: MAX STRUT LOAD (kN) | AJ31: MAX DESIGN LIFT LOAD (Kn)
G32: 1 | H32: 9 | I32: 6.8 | J32: 7.1 | L32: =J32+K32 -> 7.1 | M32: =I32/5 -> 1.36 | AH32: =FLOOR(#REF!,0.2) -> #REF! | AI32: =(1.143*#REF!*M32)+1.143*M32*(0.084*(AH32/0.2)) -> #REF! | AJ32: =L32*9.81*1.35*1.3*AH32/H32 -> #REF!
G33: 2 | H33: 10 | I33: 6.8 | J33: 6.5 | L33: =J33+K33 -> 6.5 | M33: =I33/5 -> 1.36 | AH33: =FLOOR(#REF!,0.2) -> #REF! | AI33: =(1.143*#REF!*M33)+1.143*M33*(0.084*(AH33/0.2)) -> #REF! | AJ33: =L33*9.81*1.35*1.3*AH33/H33 -> #REF!
G34: 3 | H34: 10 | I34: 6.8 | J34: 6.6 | L34: =J34+K34 -> 6.6 | M34: =I34/5 -> 1.36 | AH34: =FLOOR(#REF!,0.2) -> #REF! | AI34: =(1.143*#REF!*M34)+1.143*M34*(0.084*(AH34/0.2)) -> #REF! | AJ34: =L34*9.81*1.35*1.3*AH34/H34 -> #REF!
G35: ='INPUT SPAN RESULTS'!G36 -> 84 | H35: ='INPUT SPAN RESULTS'!H36 -> 6.4 | I35: ='INPUT SPAN RESULTS'!I36 -> 5.5 | J35: ='INPUT SPAN RESULTS'!J36 -> 6.65 | K35: ='INPUT SPAN RESULTS'!K36 -> 0.3 | L35: ='INPUT SPAN RESULTS'!L36 -> 6.95 | M35: =I35/5 -> 1.1 | N35: ='INPUT SPAN RESULTS'!N36 -> 32 | O35: ='INPUT SPAN RESULTS'!O36 -> 200 | P35: ='INPUT SPAN RESULTS'!P36 -> 32 | Q35: ='INPUT SPAN RESULTS'!Q36 -> 200 | R35: ='INPUT SPAN RESULTS'!R36 -> 31 | S35: =VLOOKUP(N35,$G$15:$AA$19,21,FALSE)/(((VLOOKUP(N35,$AE$14:$AR$19,9,FALSE)*(1000/O35))+(VLOOKUP(P35,$AE$14:$AR$19,9,FALSE)*(R35/I35)))*1.1*0.0694*((I35*0.6)^2)) -> 1.7843768 | T35: ='INPUT SPAN RESULTS'!T36 -> 25 | U35: ='INPUT SPAN RESULTS'!U36 -> 200 | V35: ='INPUT SPAN RESULTS'!V36 -> 32 | W35: ='INPUT SPAN RESULTS'!W36 -> 200 | X35: ='INPUT SPAN RESULTS'!X36 -> 31 | Y35: =VLOOKUP(T35,$G$15:$AA$19,21,FALSE)/(((VLOOKUP(T35,$AE$14:$AR$19,9,FALSE)*(1000/U35))+(VLOOKUP(V35,$AE$14:$AR$19,9,FALSE)*(X35/I35)))*1.1*0.0694*((I35*0.6)^2)) -> 1.0415744 | Z35: ='INPUT SPAN RESULTS'!Z36 -> 3.7 | AA35: =L35-Z35 -> 3.25 | AB35: =AA35/Z35 -> 0.87837838 | AC35: =(VLOOKUP(N35,$AE$14:$AL$19,6,FALSE)+VLOOKUP(P35,$AE$14:$AL$19,6,FALSE)*(1/(Q35/1000)))*(1+AB35) -> 0.94226464 | AD35: =VLOOKUP(N35,$AE$14:$AL$19,6,FALSE)*(1/(O35/1000)-1)*(M35/2)*1.1*(1+AB35) -> 0.38004674 | AE35: =(VLOOKUP(N35,$G$15:$AD$19,21,FALSE))/(1.1*((AD35*M35)+(AG35*M35)+(AF35*M35^2/2)+(AC35*M35^2)/2)) -> 0.81011494 | AF35: =(VLOOKUP(T35,$AE$14:$AL$19,6,FALSE)+VLOOKUP(V35,$AE$14:$AL$19,6,FALSE)*(1/(W35/1000)))*(1+AB35) -> 0.88109381 | AG35: =(VLOOKUP(T35,$AE$14:$AL$19,6,FALSE)*(1/(U35/1000)-1)*((M35/2)*1.1))*(1+AB35) -> 0.23201333 | AH35: =FLOOR(AE35,0.1) -> 0.8 | AI35: =((VLOOKUP(N35,$AE$14:$AL$19,6,FALSE)*(1/(O35/1000))+(VLOOKUP(P35,$AE$14:$AL$19,6,FALSE)*(1/(Q35/1000))))*(1+AB35)+2.466)*M35*AH35*1.1 -> 3.907275 | AJ35: =L35*9.81*1.35*1.3*AH35*1.1/H35 -> 16.452566
